{
	"format_version": "1.8.0",
	"animations": {
		"animation.berrydragon.fly": {
			"loop": true,
			"animation_length": 2,
			"bones": {
				"rwing": {
					"rotation": {
						"0.0": {
							"vector": [0, 0, 0]
						},
						"0.125": {
							"vector": [-24.74, 18.81, -105.87]
						},
						"0.25": {
							"vector": [0, 0, 0]
						},
						"0.375": {
							"vector": [-24.74, 18.81, -105.87]
						},
						"0.5": {
							"vector": [0, 0, 0]
						},
						"0.625": {
							"vector": [-24.74, 18.81, -105.87]
						},
						"0.75": {
							"vector": [0, 0, 0]
						},
						"0.875": {
							"vector": [-24.74, 18.81, -105.87]
						},
						"1.0": {
							"vector": [0, 0, 0]
						},
						"1.125": {
							"vector": [-24.74, 18.81, -105.87]
						},
						"1.25": {
							"vector": [0, 0, 0]
						},
						"1.375": {
							"vector": [-24.74, 18.81, -105.87]
						},
						"1.5": {
							"vector": [0, 0, 0]
						},
						"1.625": {
							"vector": [-24.74, 18.81, -105.87]
						},
						"1.75": {
							"vector": [0, 0, 0]
						},
						"1.875": {
							"vector": [-24.74, 18.81, -105.87]
						},
						"2.0": {
							"vector": [0, 0, 0]
						}
					}
				},
				"lwing": {
					"rotation": {
						"0.0": {
							"vector": [0, 0, 0]
						},
						"0.125": {
							"vector": [-24.73668, -18.81011, 105.86799]
						},
						"0.25": {
							"vector": [0, 0, 0]
						},
						"0.375": {
							"vector": [-24.73668, -18.81011, 105.86799]
						},
						"0.5": {
							"vector": [0, 0, 0]
						},
						"0.625": {
							"vector": [-24.73668, -18.81011, 105.86799]
						},
						"0.75": {
							"vector": [0, 0, 0]
						},
						"0.875": {
							"vector": [-24.73668, -18.81011, 105.86799]
						},
						"1.0": {
							"vector": [0, 0, 0]
						},
						"1.125": {
							"vector": [-24.73668, -18.81011, 105.86799]
						},
						"1.25": {
							"vector": [0, 0, 0]
						},
						"1.375": {
							"vector": [-24.73668, -18.81011, 105.86799]
						},
						"1.5": {
							"vector": [0, 0, 0]
						},
						"1.625": {
							"vector": [-24.73668, -18.81011, 105.86799]
						},
						"1.75": {
							"vector": [0, 0, 0]
						},
						"1.875": {
							"vector": [-24.73668, -18.81011, 105.86799]
						},
						"2.0": {
							"vector": [0, 0, 0]
						}
					}
				},
				"n1": {
					"rotation": {
						"0.0": {
							"vector": [0, 0, 0]
						},
						"1.0": {
							"pre": {
								"vector": [-12.5, 0, 0]
							},
							"post": {
								"vector": [-12.5, 0, 0]
							},
							"lerp_mode": "catmullrom"
						},
						"2.0": {
							"vector": [0, 0, 0]
						}
					}
				},
				"rarm": {
					"rotation": {
						"0.0": {
							"vector": [0, 0, 0]
						},
						"1.0": {
							"vector": [12.5, 0, 0],
							"easing": "easeInOutSine"
						},
						"2.0": {
							"vector": [0, 0, 0]
						}
					}
				},
				"larm": {
					"rotation": {
						"0.0": {
							"vector": [0, 0, 0]
						},
						"1.0": {
							"vector": [12.5, 0, 0],
							"easing": "easeInOutSine"
						},
						"2.0": {
							"vector": [0, 0, 0]
						}
					}
				},
				"rleg": {
					"rotation": {
						"0.0": {
							"vector": [0, 0, 0]
						},
						"1.0": {
							"vector": [12.5, 0, 0],
							"easing": "easeInSine"
						},
						"2.0": {
							"vector": [0, 0, 0]
						}
					}
				},
				"rleg2": {
					"rotation": {
						"0.0": {
							"vector": [0, 0, 0]
						},
						"1.0": {
							"vector": [10, 0, 0],
							"easing": "easeInOutSine"
						},
						"2.0": {
							"vector": [0, 0, 0]
						}
					}
				},
				"lleg": {
					"rotation": {
						"0.0": {
							"vector": [0, 0, 0]
						},
						"1.0": {
							"vector": [12.5, 0, 0],
							"easing": "easeInSine"
						},
						"2.0": {
							"vector": [0, 0, 0]
						}
					}
				},
				"lleg1": {
					"rotation": {
						"0.0": {
							"vector": [0, 0, 0]
						},
						"1.0": {
							"vector": [10, 0, 0],
							"easing": "easeInOutSine"
						},
						"2.0": {
							"vector": [0, 0, 0],
							"easing": "linear"
						}
					}
				},
				"tail": {
					"rotation": {
						"0.0": {
							"vector": [0, 0, 0]
						},
						"1.0": {
							"vector": [15, 0, 0],
							"easing": "easeInOutSine"
						},
						"2.0": {
							"vector": [0, 0, 0],
							"easing": "linear"
						}
					}
				},
				"t1": {
					"rotation": {
						"0.0": {
							"vector": [0, 0, 0]
						},
						"1.0": {
							"vector": [5, 0, 0],
							"easing": "easeInOutSine"
						},
						"2.0": {
							"vector": [0, 0, 0]
						}
					}
				},
				"t2": {
					"rotation": {
						"0.0": {
							"vector": [0, 0, 0]
						},
						"1.0": {
							"vector": [5, 0, 0],
							"easing": "easeInOutSine"
						},
						"2.0": {
							"vector": [0, 0, 0]
						}
					}
				},
				"head": {
					"rotation": {
						"0.0": {
							"vector": [0, 0, 0]
						},
						"1.0": {
							"vector": [12.5, 0, 0],
							"easing": "easeOutSine"
						},
						"2.0": {
							"vector": [0, 0, 0]
						}
					}
				},
				"rarm1": {
					"rotation": {
						"0.0": {
							"vector": [0, 0, 0]
						},
						"1.0": {
							"vector": [-10, 0, 0],
							"easing": "easeInOutSine"
						},
						"2.0": {
							"vector": [0, 0, 0]
						}
					}
				},
				"larm2": {
					"rotation": {
						"0.0": {
							"vector": [0, 0, 0]
						},
						"1.0": {
							"vector": [-10, 0, 0],
							"easing": "easeInOutSine"
						},
						"2.0": {
							"vector": [0, 0, 0]
						}
					}
				}
			}
		},
		"animation.berrydragon.idle": {
			"loop": true,
			"animation_length": 2,
			"bones": {
				"rwing": {
					"rotation": {
						"0.0": {
							"vector": [0, 0, 0]
						},
						"0.5": {
							"vector": [-24.74, 18.81, -105.87]
						},
						"1.0": {
							"vector": [0, 0, 0]
						},
						"1.5": {
							"vector": [-24.74, 18.81, -105.87]
						},
						"2.0": {
							"vector": [0, 0, 0]
						}
					}
				},
				"lwing": {
					"rotation": {
						"0.0": {
							"vector": [0, 0, 0]
						},
						"0.5": {
							"vector": [-24.73668, -18.81011, 105.86799]
						},
						"1.0": {
							"vector": [0, 0, 0]
						},
						"1.5": {
							"vector": [-24.73668, -18.81011, 105.86799]
						},
						"2.0": {
							"vector": [0, 0, 0]
						}
					}
				},
				"n1": {
					"rotation": {
						"0.0": {
							"vector": [0, 0, 0]
						},
						"1.0": {
							"vector": [-12.5, 0, 0],
							"easing": "easeInSine"
						},
						"2.0": {
							"vector": [0, 0, 0],
							"easing": "easeOutSine"
						}
					}
				},
				"tail": {
					"rotation": {
						"0.0": {
							"vector": [50, 0, 0]
						},
						"1.0": {
							"vector": [47.5, 0, 0]
						},
						"2.0": {
							"vector": [50, 0, 0]
						}
					}
				},
				"rarm1": {
					"rotation": {
						"vector": [32.5, 0, 0]
					}
				},
				"larm2": {
					"rotation": {
						"vector": [32.5, 0, 0]
					}
				},
				"berrydragon": {
					"position": {
						"vector": [0, -2.75, 0]
					}
				},
				"rleg2": {
					"rotation": {
						"vector": [-5, 0, 0]
					}
				},
				"lleg1": {
					"rotation": {
						"vector": [-5, 0, 0]
					}
				},
				"head": {
					"rotation": {
						"0.0": {
							"vector": [0, 0, 0]
						},
						"1.0": {
							"vector": [20, 0, 0],
							"easing": "easeInSine"
						},
						"2.0": {
							"vector": [0, 0, 0],
							"easing": "easeOutSine"
						}
					}
				}
			}
		}
	},
	"geckolib_format_version": 2
}